<?xml version="1.0" encoding="UTF-8"?><?xml-stylesheet type='text/xsl' href='_UpgradeReport_Files/UpgradeReport.xslt'?><UpgradeLog>
<Properties><Property Name="Solution" Value="Ann">
</Property><Property Name="Solution File" Value="D:\Documents\Research\code\090916SuperResolution\120801SRForFace\Code\Lib\ann_1.1.1\MS_Win32\Ann.sln">
</Property><Property Name="User Options File" Value="D:\Documents\Research\code\090916SuperResolution\120801SRForFace\Code\Lib\ann_1.1.1\MS_Win32\Ann.suo">
</Property><Property Name="Date" Value="Monday, October 15, 2012">
</Property><Property Name="Time" Value="12:52 PM">
</Property><Property Name="Log Number" Value="2">
</Property></Properties><Event ErrorLevel="2" Project="" Source="Ann.sln" Description="Error creating backup file: D:\Documents\Research\code\090916SuperResolution\120801SRForFace\Code\Lib\ann_1.1.1\MS_Win32\Ann.sln.old">
</Event><Event ErrorLevel="0" Project="" Source="Ann.suo" Description="File successfully backed up as D:\Documents\Research\code\090916SuperResolution\120801SRForFace\Code\Lib\ann_1.1.1\MS_Win32\Ann.suo.old">
</Event><Event ErrorLevel="0" Project="dll" Source="dll\dll.vcproj" Description="Converting project file 'D:\Documents\Research\code\090916SuperResolution\120801SRForFace\Code\Lib\ann_1.1.1\MS_Win32\dll\dll.vcproj'.">
</Event><Event ErrorLevel="1" Project="dll" Source="dll\dll.vcproj" Description="VCWebServiceProxyGeneratorTool is no longer supported. The tool has been removed from your project settings.">
</Event><Event ErrorLevel="1" Project="dll" Source="dll\dll.vcproj" Description="MSB8012: $(TargetName) ('dll') does not match the Linker's OutputFile property value '..\bin\ANN.dll' ('ANN') in project configuration 'Debug|Win32'. This may cause your project to build incorrectly. To correct this, please make sure that $(TargetName) property value matches the value specified in %(Link.OutputFile).">
</Event><Event ErrorLevel="1" Project="dll" Source="dll\dll.vcproj" Description="MSB8012: $(TargetPath) ('D:\Documents\Research\code\090916SuperResolution\120801SRForFace\Code\Lib\ann_1.1.1\MS_Win32\dll\.\Debug\dll.dll') does not match the Linker's OutputFile property value '..\bin\ANN.dll' ('D:\Documents\Research\code\090916SuperResolution\120801SRForFace\Code\Lib\ann_1.1.1\bin\ANN.dll') in project configuration 'Debug|Win32'. This may cause your project to build incorrectly. To correct this, please make sure that $(TargetPath) property value matches the value specified in %(Link.OutputFile).">
</Event><Event ErrorLevel="1" Project="dll" Source="dll\dll.vcproj" Description="MSB8012: $(TargetName) ('dll') does not match the Linker's OutputFile property value '..\bin\ANN.dll' ('ANN') in project configuration 'Release|Win32'. This may cause your project to build incorrectly. To correct this, please make sure that $(TargetName) property value matches the value specified in %(Link.OutputFile).">
</Event><Event ErrorLevel="1" Project="dll" Source="dll\dll.vcproj" Description="MSB8012: $(TargetPath) ('D:\Documents\Research\code\090916SuperResolution\120801SRForFace\Code\Lib\ann_1.1.1\MS_Win32\dll\.\Release\dll.dll') does not match the Linker's OutputFile property value '..\bin\ANN.dll' ('D:\Documents\Research\code\090916SuperResolution\120801SRForFace\Code\Lib\ann_1.1.1\bin\ANN.dll') in project configuration 'Release|Win32'. This may cause your project to build incorrectly. To correct this, please make sure that $(TargetPath) property value matches the value specified in %(Link.OutputFile).">
</Event><Event ErrorLevel="0" Project="dll" Source="dll\dll.vcproj" Description="Done converting to new project file 'D:\Documents\Research\code\090916SuperResolution\120801SRForFace\Code\Lib\ann_1.1.1\MS_Win32\dll\dll.vcxproj'.">
</Event><Event ErrorLevel="3" Project="dll" Source="dll\dll.vcproj" Description="Converted">
</Event><Event ErrorLevel="0" Project="sample" Source="sample\sample.vcproj" Description="Converting project file 'D:\Documents\Research\code\090916SuperResolution\120801SRForFace\Code\Lib\ann_1.1.1\MS_Win32\sample\sample.vcproj'.">
</Event><Event ErrorLevel="1" Project="sample" Source="sample\sample.vcproj" Description="VCWebServiceProxyGeneratorTool is no longer supported. The tool has been removed from your project settings.">
</Event><Event ErrorLevel="1" Project="sample" Source="sample\sample.vcproj" Description="MSB8012: $(TargetName) ('sample') does not match the Linker's OutputFile property value '..\bin\ann_sample.exe' ('ann_sample') in project configuration 'Debug|Win32'. This may cause your project to build incorrectly. To correct this, please make sure that $(TargetName) property value matches the value specified in %(Link.OutputFile).">
</Event><Event ErrorLevel="1" Project="sample" Source="sample\sample.vcproj" Description="MSB8012: $(TargetPath) ('D:\Documents\Research\code\090916SuperResolution\120801SRForFace\Code\Lib\ann_1.1.1\MS_Win32\sample\.\Debug\sample.exe') does not match the Linker's OutputFile property value '..\bin\ann_sample.exe' ('D:\Documents\Research\code\090916SuperResolution\120801SRForFace\Code\Lib\ann_1.1.1\bin\ann_sample.exe') in project configuration 'Debug|Win32'. This may cause your project to build incorrectly. To correct this, please make sure that $(TargetPath) property value matches the value specified in %(Link.OutputFile).">
</Event><Event ErrorLevel="1" Project="sample" Source="sample\sample.vcproj" Description="MSB8012: $(TargetName) ('sample') does not match the Linker's OutputFile property value '..\bin\ann_sample.exe' ('ann_sample') in project configuration 'Release|Win32'. This may cause your project to build incorrectly. To correct this, please make sure that $(TargetName) property value matches the value specified in %(Link.OutputFile).">
</Event><Event ErrorLevel="1" Project="sample" Source="sample\sample.vcproj" Description="MSB8012: $(TargetPath) ('D:\Documents\Research\code\090916SuperResolution\120801SRForFace\Code\Lib\ann_1.1.1\MS_Win32\sample\.\Release\sample.exe') does not match the Linker's OutputFile property value '..\bin\ann_sample.exe' ('D:\Documents\Research\code\090916SuperResolution\120801SRForFace\Code\Lib\ann_1.1.1\bin\ann_sample.exe') in project configuration 'Release|Win32'. This may cause your project to build incorrectly. To correct this, please make sure that $(TargetPath) property value matches the value specified in %(Link.OutputFile).">
</Event><Event ErrorLevel="0" Project="sample" Source="sample\sample.vcproj" Description="Done converting to new project file 'D:\Documents\Research\code\090916SuperResolution\120801SRForFace\Code\Lib\ann_1.1.1\MS_Win32\sample\sample.vcxproj'.">
</Event><Event ErrorLevel="3" Project="sample" Source="sample\sample.vcproj" Description="Converted">
</Event><Event ErrorLevel="0" Project="test" Source="test\test.vcproj" Description="Converting project file 'D:\Documents\Research\code\090916SuperResolution\120801SRForFace\Code\Lib\ann_1.1.1\MS_Win32\test\test.vcproj'.">
</Event><Event ErrorLevel="1" Project="test" Source="test\test.vcproj" Description="VCWebServiceProxyGeneratorTool is no longer supported. The tool has been removed from your project settings.">
</Event><Event ErrorLevel="1" Project="test" Source="test\test.vcproj" Description="MSB8012: $(TargetName) ('test') does not match the Linker's OutputFile property value '..\bin\ann_test.exe' ('ann_test') in project configuration 'Release|Win32'. This may cause your project to build incorrectly. To correct this, please make sure that $(TargetName) property value matches the value specified in %(Link.OutputFile).">
</Event><Event ErrorLevel="1" Project="test" Source="test\test.vcproj" Description="MSB8012: $(TargetPath) ('D:\Documents\Research\code\090916SuperResolution\120801SRForFace\Code\Lib\ann_1.1.1\MS_Win32\test\.\Release\test.exe') does not match the Linker's OutputFile property value '..\bin\ann_test.exe' ('D:\Documents\Research\code\090916SuperResolution\120801SRForFace\Code\Lib\ann_1.1.1\bin\ann_test.exe') in project configuration 'Release|Win32'. This may cause your project to build incorrectly. To correct this, please make sure that $(TargetPath) property value matches the value specified in %(Link.OutputFile).">
</Event><Event ErrorLevel="1" Project="test" Source="test\test.vcproj" Description="MSB8012: $(TargetName) ('test') does not match the Linker's OutputFile property value '..\bin\ann_test.exe' ('ann_test') in project configuration 'Debug|Win32'. This may cause your project to build incorrectly. To correct this, please make sure that $(TargetName) property value matches the value specified in %(Link.OutputFile).">
</Event><Event ErrorLevel="1" Project="test" Source="test\test.vcproj" Description="MSB8012: $(TargetPath) ('D:\Documents\Research\code\090916SuperResolution\120801SRForFace\Code\Lib\ann_1.1.1\MS_Win32\test\.\Debug\test.exe') does not match the Linker's OutputFile property value '..\bin\ann_test.exe' ('D:\Documents\Research\code\090916SuperResolution\120801SRForFace\Code\Lib\ann_1.1.1\bin\ann_test.exe') in project configuration 'Debug|Win32'. This may cause your project to build incorrectly. To correct this, please make sure that $(TargetPath) property value matches the value specified in %(Link.OutputFile).">
</Event><Event ErrorLevel="0" Project="test" Source="test\test.vcproj" Description="Done converting to new project file 'D:\Documents\Research\code\090916SuperResolution\120801SRForFace\Code\Lib\ann_1.1.1\MS_Win32\test\test.vcxproj'.">
</Event><Event ErrorLevel="3" Project="test" Source="test\test.vcproj" Description="Converted">
</Event><Event ErrorLevel="0" Project="ann2fig" Source="ann2fig\ann2fig.vcproj" Description="Converting project file 'D:\Documents\Research\code\090916SuperResolution\120801SRForFace\Code\Lib\ann_1.1.1\MS_Win32\ann2fig\ann2fig.vcproj'.">
</Event><Event ErrorLevel="1" Project="ann2fig" Source="ann2fig\ann2fig.vcproj" Description="VCWebServiceProxyGeneratorTool is no longer supported. The tool has been removed from your project settings.">
</Event><Event ErrorLevel="1" Project="ann2fig" Source="ann2fig\ann2fig.vcproj" Description="Attribute 'Detect64BitPortabilityProblems' of 'VCCLCompilerTool' is not supported in this version and has been removed during conversion.">
</Event><Event ErrorLevel="1" Project="ann2fig" Source="ann2fig\ann2fig.vcproj" Description="Attribute 'Detect64BitPortabilityProblems' of 'VCCLCompilerTool' is not supported in this version and has been removed during conversion.">
</Event><Event ErrorLevel="1" Project="ann2fig" Source="ann2fig\ann2fig.vcproj" Description="MSB8012: $(TargetPath) ('D:\Documents\Research\code\090916SuperResolution\120801SRForFace\Code\Lib\ann_1.1.1\MS_Win32\ann2fig\Debug\ann2fig.exe') does not match the Linker's OutputFile property value '..\bin\ann2fig.exe' ('D:\Documents\Research\code\090916SuperResolution\120801SRForFace\Code\Lib\ann_1.1.1\bin\ann2fig.exe') in project configuration 'Debug|Win32'. This may cause your project to build incorrectly. To correct this, please make sure that $(TargetPath) property value matches the value specified in %(Link.OutputFile).">
</Event><Event ErrorLevel="1" Project="ann2fig" Source="ann2fig\ann2fig.vcproj" Description="MSB8012: $(TargetPath) ('D:\Documents\Research\code\090916SuperResolution\120801SRForFace\Code\Lib\ann_1.1.1\MS_Win32\ann2fig\Release\ann2fig.exe') does not match the Linker's OutputFile property value '..\bin\ann2fig.exe' ('D:\Documents\Research\code\090916SuperResolution\120801SRForFace\Code\Lib\ann_1.1.1\bin\ann2fig.exe') in project configuration 'Release|Win32'. This may cause your project to build incorrectly. To correct this, please make sure that $(TargetPath) property value matches the value specified in %(Link.OutputFile).">
</Event><Event ErrorLevel="0" Project="ann2fig" Source="ann2fig\ann2fig.vcproj" Description="Done converting to new project file 'D:\Documents\Research\code\090916SuperResolution\120801SRForFace\Code\Lib\ann_1.1.1\MS_Win32\ann2fig\ann2fig.vcxproj'.">
</Event><Event ErrorLevel="3" Project="ann2fig" Source="ann2fig\ann2fig.vcproj" Description="Converted">
</Event><Event ErrorLevel="0" Project="" Source="Ann.sln" Description="Solution converted successfully">
</Event><Event ErrorLevel="3" Project="" Source="Ann.sln" Description="Converted">
</Event></UpgradeLog>